CEMETERY NAME,ADDRESS ID,OWNERSHIP,SHAPE AREA,SHAPE LENGTH,GEOMETRY
LOUISIANA NATIONAL CEMETERY,183931,PUBLIC,569694,3291,"MULTIPOLYGON (((-91.252342468078 30.640431672715, -91.25404727402 30.6407435059, -91.25481748691 30.639131476882, -91.256762760212 30.639278187473, -91.256702600039 30.646782177498, -91.256081358126 30.646777729571, -91.25407647112 30.646763355246, -91.252536854981 30.646752296156, -91.251427705558 30.646744318031, -91.249480078305 30.646730286261, -91.249433446765 30.646672031462, -91.252342468078 30.640431672715)))"
MAGNOLIA CEMETERY,81290,PUBLIC,87091,1199,"MULTIPOLYGON (((-91.169301677661 30.45190267889, -91.166143007904 30.451976067067, -91.166060861447 30.450072113785, -91.169221109312 30.449975830358, -91.169301677661 30.45190267889)))"
HOPE BENEVOLENT SOCIETY CEMETERY,97387,PUBLIC,12488,687,"MULTIPOLYGON (((-91.153155191825 30.502966933995, -91.154740851566 30.503324876526, -91.154425444678 30.503330043391, -91.154110037757 30.503335209504, -91.153021651968 30.50335429008, -91.152000342118 30.503385107586, -91.152233596461 30.502708527489, -91.153155191825 30.502966933995)))"
RICHARDS GARDENS OF MEMORY CEMETERY,175088,PRIVATE,5102,285,"MULTIPOLYGON (((-90.988030578671 30.348827567146, -90.987995724378 30.348850215445, -90.987498025328 30.349173617851, -90.987366531637 30.349024504431, -90.98721047009 30.348850138128, -90.987131110204 30.348748210699, -90.987655061079 30.34840114228, -90.988030578671 30.348827567146)))"
HIGHLAND CEMETERY,131675,PRIVATE,2648,228,"MULTIPOLYGON (((-91.172472604875 30.404777701523, -91.172346750729 30.404987699992, -91.17225527801 30.405136921641, -91.172132537311 30.405080899039, -91.171996044158 30.405018599188, -91.171922239265 30.404987906457, -91.172024230297 30.404846182341, -91.172114684489 30.404720489113, -91.171993209219 30.404620724879, -91.17212848517 30.404495087971, -91.172472604875 30.404777701523)))"
BLACKWATER UMC CEMETERY,202547,PRIVATE,20097,578,"MULTIPOLYGON (((-91.086762456407 30.542012805791, -91.088032600806 30.54194949039, -91.088068312668 30.542325340721, -91.088088526792 30.542538054629, -91.087886335057 30.542663605798, -91.087991765162 30.542878762566, -91.087079471045 30.543376432809, -91.086965808344 30.54311353916, -91.086955441043 30.54309121387, -91.086901449267 30.542973768752, -91.086858743942 30.542863600745, -91.086825951693 30.542761867345, -91.08680064441 30.542665981458, -91.086778927572 30.542560818307, -91.08676329132 30.542455014288, -91.086753481329 30.542344385203, -91.086750275682 30.542238730615, -91.08675295591 30.542135276274, -91.086762456407 30.542012805791)))"
CEMETERY,60012,PRIVATE,13828,613,"MULTIPOLYGON (((-91.040372531802 30.707886964158, -91.040868870712 30.707881740207, -91.04088194116 30.708744199196, -91.041032669388 30.70882497969, -91.041051701676 30.709750570201, -91.040482737188 30.709759303473, -91.04045731911 30.70883148898, -91.040455060076 30.708749028521, -91.040444326845 30.70848428999, -91.040444048542 30.708478571959, -91.040443762419 30.708472854217, -91.040443468475 30.70846713677, -91.040443166711 30.708461419628, -91.040442857128 30.708455702798, -91.040442539726 30.708449986288, -91.040442214505 30.708444270106, -91.040441881467 30.70843855426, -91.040441540611 30.708432838758, -91.040441191937 30.708427123608, -91.040440835448 30.708421408819, -91.040440471142 30.708415694397, -91.04044009902 30.708409980351, -91.040439719084 30.708404266689, -91.040439331332 30.70839855342, -91.040438935767 30.70839284055, -91.040438532389 30.708387128088, -91.040438121197 30.708381416042, -91.040437702193 30.70837570442, -91.040437275378 30.708369993229, -91.040436840751 30.708364282479, -91.040436398314 30.708358572176, -91.040435948067 30.708352862329, -91.040435490011 30.708347152946, -91.040435024146 30.708341444034, -91.040434550473 30.708335735603, -91.040434068993 30.708330027659, -91.040433579706 30.70832432021, -91.040433082613 30.708318613265, -91.040432577715 30.708312906832, -91.040432065013 30.708307200918, -91.040431544506 30.708301495532, -91.040431016197 30.708295790681, -91.040430480085 30.708290086374, -91.040429936171 30.708284382618, -91.040429384457 30.708278679422, -91.040428824943 30.708272976793, -91.040428257629 30.708267274739, -91.040427682517 30.708261573269, -91.040427099607 30.70825587239, -91.0404265089 30.70825017211, -91.040425910397 30.708244472437, -91.040425304099 30.708238773379, -91.040424690007 30.708233074944, -91.040424068121 30.708227377141, -91.040423438442 30.708221679976, -91.040422800972 30.708215983459, -91.040422155711 30.708210287596, -91.040421502659 30.708204592397, -91.040420841819 30.708198897868, -91.040420173191 30.708193204018, -91.040419496775 30.708187510854, -91.040418812574 30.708181818386, -91.040418120586 30.70817612662, -91.040417420815 30.708170435564, -91.04041671326 30.708164745227, -91.040415997923 30.708159055617, -91.040415274805 30.708153366741, -91.040414543906 30.708147678607, -91.040413805228 30.708141991224, -91.040413058771 30.708136304599, -91.040412304538 30.70813061874, -91.040411542528 30.708124933655, -91.040410772743 30.708119249353, -91.040409995184 30.70811356584, -91.040409209852 30.708107883126, -91.040408416748 30.708102201217, -91.040407615874 30.708096520122, -91.040406807229 30.708090839849, -91.040405990817 30.708085160406, -91.040405166637 30.7080794818, -91.04040433469 30.70807380404, -91.040403494979 30.708068127134, -91.040402647504 30.708062451088, -91.040401792266 30.708056775913, -91.040400929266 30.708051101614, -91.040400058507 30.708045428201, -91.040399179988 30.708039755681, -91.040398293712 30.708034084061, -91.040397399678 30.708028413351, -91.04039649789 30.708022743558, -91.040395588347 30.70801707469, -91.040394671052 30.708011406754, -91.040393746005 30.708005739759, -91.040392813208 30.708000073712, -91.040391872662 30.707994408622, -91.040390924368 30.707988744497, -91.040389968328 30.707983081343, -91.040389004543 30.70797741917, -91.040388033014 30.707971757985, -91.040387053744 30.707966097796, -91.040386066732 30.707960438611, -91.040385071981 30.707954780438, -91.040384069491 30.707949123285, -91.040383059265 30.707943467159, -91.040382041304 30.707937812069, -91.040381015609 30.707932158022, -91.040379982181 30.707926505026, -91.040378941022 30.70792085309, -91.040377892134 30.707915202221, -91.040376835518 30.707909552427, -91.040375771175 30.707903903716, -91.040374699107 30.707898256095, -91.040373619315 30.707892609574, -91.040372531802 30.707886964158)))"
TUCKER CEMETERY,201849,PRIVATE,6105,360,"MULTIPOLYGON (((-91.073227857341 30.641235422822, -91.073380447804 30.641314959703, -91.073486119557 30.641368141963, -91.073564892803 30.641404442337, -91.073604533399 30.641422022022, -91.073372243024 30.642365414541, -91.072965000086 30.642302935523, -91.073227857341 30.641235422822)))"
LIBERAL CEMETERY,153416,PUBLIC,16710,737,"MULTIPOLYGON (((-91.078989583045 30.458296429829, -91.078513517943 30.458299197917, -91.078507588321 30.45762943321, -91.078503713045 30.45719178248, -91.078500494074 30.45682819675, -91.078492228031 30.45589452732, -91.07896762938 30.455818067769, -91.078975801702 30.456740679785, -91.078987894169 30.458105823459, -91.078989583045 30.458296429829)))"
CEMETERY,201954,PRIVATE,4214,265,"MULTIPOLYGON (((-91.048401674129 30.575645397617, -91.049112072943 30.575553294551, -91.049117156948 30.576011282912, -91.048428533821 30.576022225317, -91.048401674129 30.575645397617)))"
LABORING SOCIETY CEMETERY,117642,PRIVATE,7049,344,"MULTIPOLYGON (((-91.127464949866 30.371030717521, -91.127186587354 30.371518029154, -91.126309198293 30.371087544422, -91.126777370679 30.370689222419, -91.127230291806 30.370913697331, -91.127464949866 30.371030717521)))"
AZALEA REST CEMETERY,192195,PUBLIC,21253,585,"MULTIPOLYGON (((-91.19271014212 30.658951749312, -91.192825663214 30.658425622947, -91.192968111864 30.657847039183, -91.193950402934 30.658158809246, -91.19425473093 30.658255398586, -91.193966596804 30.659301986698, -91.19271014212 30.658951749312)))"
LUTHERAN BENEVOLENT SOCIETY CEMETERY,41553,PRIVATE,28767,768,"MULTIPOLYGON (((-91.170798475532 30.432990106261, -91.170798245468 30.432990113484, -91.170569244848 30.43283123949, -91.170435030192 30.432780072101, -91.170349292991 30.432771454793, -91.170341492346 30.432584872493, -91.170324625578 30.432181806817, -91.172621890507 30.432126362972, -91.17286846077 30.43250551784, -91.173135855327 30.432916698919, -91.170798475532 30.432990106261)))"
OAK GROVE CEMETERY,175075,PRIVATE,16908,655,"MULTIPOLYGON (((-91.124729080882 30.687659897014, -91.124716530759 30.687632900901, -91.12467433295 30.687558707223, -91.124626455292 30.687486748038, -91.124596541826 30.687446445342, -91.123534956295 30.686148270642, -91.123508739755 30.686114156763, -91.123412783891 30.685980797294, -91.123374951136 30.685923636641, -91.123356888546 30.685892224482, -91.123341075698 30.685860491463, -91.12470925873 30.68594154879, -91.124729080882 30.687659897014)))"
CEMETERY,23985,PRIVATE,12742,488,"MULTIPOLYGON (((-91.034392599977 30.392725673423, -91.033916197102 30.393202005781, -91.03317832552 30.392822759116, -91.033323777741 30.392028788646, -91.034225717536 30.392162821061, -91.033969188816 30.392457482846, -91.034392599977 30.392725673423)))"
MOUNT OLIVE BAPTIST CHURCH,122260,PRIVATE,3024,224,"MULTIPOLYGON (((-91.089047783316 30.483703462991, -91.088650372727 30.483810613457, -91.088515016679 30.483298135454, -91.088835685048 30.483228969069, -91.08890560142 30.483217276414, -91.089047783316 30.483703462991)))"
FAIR DEAL CEMETERY,130225,PRIVATE,10387,445,"MULTIPOLYGON (((-91.136364303764 30.706762434578, -91.136376967698 30.707315477345, -91.135812555136 30.707313156948, -91.135786185585 30.707011340681, -91.135769737799 30.706857209434, -91.13575753827 30.706763406992, -91.135749682057 30.706703009567, -91.135722759309 30.706561957627, -91.135691387569 30.706415004534, -91.135633153719 30.706215622732, -91.135624398273 30.706185645651, -91.136351299153 30.706134229403, -91.136364303764 30.706762434578)))"
JEWISH CEMETERY,130291,PUBLIC,14388,480,"MULTIPOLYGON (((-91.175638130301 30.453898024707, -91.17456975634 30.453925121769, -91.174533811575 30.45299241241, -91.175601928574 30.45295893917, -91.175638130301 30.453898024707)))"
KLEINPETER CEMETERY,139978,PRIVATE,10557,413,"MULTIPOLYGON (((-91.083054239695 30.381620705524, -91.083056848578 30.381620608697, -91.083059457128 30.381620505346, -91.083062065324 30.381620395473, -91.083064673143 30.381620279078, -91.083067280564 30.381620156163, -91.083069887566 30.381620026728, -91.083072494126 30.381619890775, -91.083075100222 30.381619748304, -91.083077705835 30.381619599317, -91.08308031094 30.381619443815, -91.083082915518 30.3816192818, -91.083085519545 30.381619113272, -91.083088123002 30.381618938233, -91.083090725865 30.381618756685, -91.083093328113 30.381618568629, -91.083095929725 30.381618374067, -91.083098530679 30.381618172999, -91.083101130953 30.381617965429, -91.083103730526 30.381617751358, -91.083106329376 30.381617530786, -91.083108927481 30.381617303717, -91.08311152482 30.381617070153, -91.083114121371 30.381616830094, -91.083116717113 30.381616583543, -91.083119312024 30.381616330503, -91.083121906083 30.381616070975, -91.083124499267 30.381615804961, -91.083127091556 30.381615532464, -91.083129682927 30.381615253485, -91.083132273359 30.381614968028, -91.083134862832 30.381614676095, -91.083137451322 30.381614377687, -91.083140038808 30.381614072808, -91.08314262527 30.38161376146, -91.083145210685 30.381613443646, -91.083147795032 30.381613119368, -91.08315037829 30.381612788629, -91.083152960437 30.381612451431, -91.083155541451 30.381612107778, -91.083160637383 30.381639235569, -91.083916459364 30.382002752627, -91.083484550391 30.382677786017, -91.082652573074 30.382277640446, -91.083055325021 30.38164818527, -91.083054239695 30.381620705524)))"
CEMETERY,174355,PRIVATE,13387,472,"MULTIPOLYGON (((-90.999377327609 30.352438818819, -90.998886361208 30.352524991105, -90.998741279277 30.352354643462, -90.998402712394 30.351957112952, -90.999285089002 30.351444634257, -90.999742886045 30.352015171801, -90.999984628339 30.352328429703, -90.999377327609 30.352438818819)))"
SANDY CREEK CEMETERY,170909,PRIVATE,11091,553,"MULTIPOLYGON (((-90.979759702684 30.686190737094, -90.978072644054 30.686726421968, -90.97794397307 30.686579180236, -90.977820438938 30.686428694183, -90.977702149341 30.686275093332, -90.977589205575 30.686118512684, -90.977579287136 30.686104250018, -90.97975936735 30.686093093602, -90.979759702684 30.686190737094)))"
GREENOAKS MEMORIAL PARK,127035,PUBLIC,326446,2793,"MULTIPOLYGON (((-91.081676750601 30.455382953228, -91.082756845608 30.455214123005, -91.082998055073 30.455176418955, -91.083239264354 30.455138714464, -91.083241052999 30.455623826538, -91.083242073692 30.455900654383, -91.082753748383 30.455899240737, -91.082752445071 30.456187991629, -91.082751201857 30.456462989441, -91.082749958636 30.45673798723, -91.082748715395 30.457012990497, -91.082747472174 30.457287982744, -91.08274622513 30.457564487204, -91.082742961698 30.458286469885, -91.083595933021 30.458277854855, -91.083913352129 30.458274648434, -91.084213124304 30.458271619731, -91.084223076318 30.458549038808, -91.084232939694 30.458823859387, -91.08424279995 30.459098679937, -91.084252660261 30.459373500465, -91.084262520633 30.45964831822, -91.084272381053 30.459923138702, -91.084282241528 30.460197959161, -91.084294077971 30.460527746438, -91.084303980048 30.460803743724, -91.08397250471 30.460805866027, -91.083641029358 30.4608079875, -91.083309541297 30.460810108118, -91.082818771362 30.460813243362, -91.082474536649 30.460815444977, -91.082141182255 30.460817572876, -91.081807831014 30.46081970269, -91.081474476591 30.460821828908, -91.08115700146 30.460823855333, -91.080839523141 30.460825880989, -91.080522044817 30.460827903135, -91.080204566473 30.460829927267, -91.079252131369 30.460835992343, -91.079203122272 30.460836305125, -91.079095097902 30.460454116863, -91.078903121858 30.459774901513, -91.07845272776 30.458678189114, -91.078238148885 30.458355389994, -91.078185526697 30.458301106201, -91.078513517943 30.458299197917, -91.078989583045 30.458296429829, -91.078987894169 30.458105823459, -91.078975801702 30.456740679785, -91.079356639797 30.456738147395, -91.079991395286 30.456736118391, -91.079987137696 30.456256059428, -91.080105752551 30.45615080068, -91.080216009689 30.456128075106, -91.080508646394 30.456122893766, -91.080822424812 30.456169583618, -91.080974974993 30.456250598344, -91.081182294 30.456269550341, -91.081268697553 30.456266621803, -91.081313455134 30.456234892229, -91.081321296509 30.456197774707, -91.081311723542 30.45610312299, -91.081339869088 30.45599657991, -91.081397038547 30.45587501366, -91.081517260781 30.455702096148, -91.081678316035 30.455559171155, -91.081702001938 30.455466400167, -91.081676750601 30.455382953228)))"
WINNFIELD MEMORIAL PARK,109416,PUBLIC,57554,1206,"MULTIPOLYGON (((-91.150932263025 30.516861492089, -91.149769520018 30.516919222129, -91.149351748341 30.516939961949, -91.147158621986 30.517048815538, -91.147444809921 30.51625400008, -91.149038337064 30.51617715049, -91.149314043407 30.516170124633, -91.149309574776 30.515857821169, -91.149310357463 30.515435861953, -91.149310408572 30.515408308299, -91.150894687398 30.51535672827, -91.150932263025 30.516861492089)))"
CAIN CEMETERY,155214,PRIVATE,2577,211,"MULTIPOLYGON (((-91.002082875425 30.360184448446, -91.001807299694 30.360359138841, -91.001457815424 30.359946886377, -91.001737528734 30.359758542661, -91.002082875425 30.360184448446)))"
WOODLAWN BAPTIST CHURCH CEMETERY,138047,PRIVATE,3788,292,"MULTIPOLYGON (((-91.016385858514 30.401358288002, -91.015443399918 30.401237104905, -91.015469623212 30.401092234836, -91.015424251041 30.401086558146, -91.015448113828 30.400945526471, -91.016424236506 30.401105998212, -91.016385858514 30.401358288002)))"
PORT HUDSON NATIONAL CEMETERY,52983,PUBLIC,108562,1551,"MULTIPOLYGON (((-91.276891510822 30.660173140385, -91.276894071081 30.660685590222, -91.276068138328 30.660704377435, -91.276072656122 30.660869294358, -91.276089855142 30.661497119795, -91.274758341359 30.661534850746, -91.273912855646 30.661558802523, -91.272738864389 30.661592965971, -91.272324303892 30.66160504628, -91.272062965934 30.661612660899, -91.27208315937 30.659749115799, -91.272159338875 30.659398619439, -91.272161568198 30.659400700692, -91.272163803323 30.659402777289, -91.272166044238 30.659404849217, -91.272168290929 30.659406916465, -91.272170543383 30.659408979021, -91.272172801587 30.659411036872, -91.272175065528 30.659413090007, -91.272177335193 30.659415138414, -91.272179610569 30.65941718208, -91.272181891641 30.659419220995, -91.272184178398 30.659421255145, -91.272186470825 30.659423284519, -91.27218876891 30.659425309106, -91.272191072639 30.659427328893, -91.272193381998 30.659429343869, -91.272195696975 30.659431354022, -91.272198017555 30.65943335934, -91.272200343725 30.659435359812, -91.272202675472 30.659437355426, -91.272205012782 30.659439346171, -91.272207355641 30.659441332034, -91.272209704036 30.659443313005, -91.272212057953 30.659445289071, -91.272214417378 30.659447260221, -91.272216782299 30.659449226444, -91.2722191527 30.659451187729, -91.272221528568 30.659453144063, -91.272223909889 30.659455095436, -91.27222629665 30.659457041836, -91.272228688836 30.659458983252, -91.272231086434 30.659460919672, -91.27223348943 30.659462851085, -91.272235897809 30.659464777481, -91.272238311558 30.659466698847, -91.272240730662 30.659468615173, -91.272243155108 30.659470526447, -91.272245584881 30.659472432658, -91.272248019967 30.659474333796, -91.272250460352 30.659476229849, -91.272252906023 30.659478120806, -91.272255356964 30.659480006656, -91.272257813161 30.659481887388, -91.2722602746 30.659483762991, -91.272262741267 30.659485633454, -91.272265213147 30.659487498767, -91.272267690226 30.659489358918, -91.27227017249 30.659491213897, -91.272272659923 30.659493063693, -91.272275152513 30.659494908294, -91.272277650243 30.659496747692, -91.2722801531 30.659498581873, -91.272282661069 30.659500410829, -91.272285174135 30.659502234548, -91.272287692284 30.65950405302, -91.272290215501 30.659505866234, -91.272292743771 30.659507674179, -91.272295277081 30.659509476845, -91.272297815414 30.659511274222, -91.272300358756 30.659513066299, -91.272302907092 30.659514853066, -91.272305460408 30.659516634512, -91.272308018689 30.659518410626, -91.272310581919 30.659520181399, -91.272313150085 30.659521946821, -91.27231572317 30.65952370688, -91.27231830116 30.659525461567, -91.272320884039 30.659527210872, -91.272323471794 30.659528954783, -91.272326064409 30.659530693292, -91.272328661868 30.659532426388, -91.272331264157 30.659534154061, -91.27233387126 30.659535876301, -91.272336483162 30.659537593097, -91.272339099848 30.659539304441, -91.272341721304 30.659541010321, -91.272344347512 30.659542710728, -91.272346978459 30.659544405652, -91.272349614129 30.659546095084, -91.272352254507 30.659547779012, -91.272354899576 30.659549457429, -91.272357549323 30.659551130323, -91.272360203731 30.659552797685, -91.272362862785 30.659554459505, -91.272365526469 30.659556115774, -91.272368194768 30.659557766482, -91.272370867667 30.65955941162, -91.27237354515 30.659561051177, -91.2723762272 30.659562685144, -91.272378913804 30.659564313513, -91.272381604944 30.659565936272, -91.272384300606 30.659567553414, -91.272387000773 30.659569164928, -91.272389705431 30.659570770804, -91.272392414562 30.659572371035, -91.272395128152 30.65957396561, -91.272397846185 30.65957555452, -91.272400568644 30.659577137755, -91.272403295515 30.659578715308, -91.27240602678 30.659580287168, -91.272408762424 30.659581853326, -91.272411502432 30.659583413773, -91.272414246787 30.659584968501, -91.272416995474 30.659586517499, -91.272419748475 30.659588060759, -91.272422505776 30.659589598273, -91.272425267361 30.65959113003, -91.272428033212 30.659592656023, -91.272430803314 30.659594176242, -91.272433577652 30.659595690678, -91.272436356208 30.659597199323, -91.272439138966 30.659598702168, -91.272441925912 30.659600199204, -91.272444717027 30.659601690422, -91.272447512296 30.659603175814, -91.272450311703 30.659604655371, -91.272453115231 30.659606129084, -91.272455922864 30.659607596946, -91.272458734586 30.659609058946, -91.27246155038 30.659610515077, -91.27246437023 30.659611965331, -91.27246719412 30.659613409698, -91.272470022033 30.659614848171, -91.272472853952 30.659616280741, -91.272475689861 30.6596177074, -91.272478529744 30.659619128139, -91.272481373585 30.65962054295, -91.272484221365 30.659621951825, -91.27248707307 30.659623354756, -91.272489928682 30.659624751735, -91.272492788184 30.659626142752, -91.272495651561 30.659627527802, -91.272498518795 30.659628906874, -91.27250138987 30.659630279962, -91.272504264768 30.659631647057, -91.272507143474 30.659633008151, -91.272510025971 30.659634363236, -91.272512912241 30.659635712305, -91.272515802268 30.65963705535, -91.272518696035 30.659638392362, -91.272521593525 30.659639723334, -91.272524494722 30.659641048259, -91.272527399608 30.659642367128, -91.272530308167 30.659643679934, -91.272533220381 30.65964498667, -91.272536136235 30.659646287326, -91.272539055709 30.659647581897, -91.272541978789 30.659648870375, -91.272544905456 30.659650152751, -91.272547835694 30.659651429019, -91.272550769485 30.659652699171, -91.272553706813 30.6596539632, -91.27255664766 30.659655221098, -91.27255959201 30.659656472858, -91.272562539845 30.659657718473, -91.272565491147 30.659658957935, -91.272568445901 30.659660191238, -91.272571404088 30.659661418374, -91.272574365691 30.659662639336, -91.272577330694 30.659663854116, -91.272580299078 30.659665062708, -91.272583270828 30.659666265105, -91.272586245924 30.6596674613, -91.27258922435 30.659668651286, -91.272592206089 30.659669835055, -91.272595191124 30.659671012601, -91.272598179436 30.659672183918, -91.272601171008 30.659673348998, -91.272604165824 30.659674507834, -91.272607163865 30.65967566042, -91.272610165115 30.659676806749, -91.272613169555 30.659677946814, -91.272616177169 30.659679080609, -91.272619187938 30.659680208127, -91.272622201845 30.659681329362, -91.272625218873 30.659682444307, -91.272628239004 30.659683552955, -91.272631262221 30.659684655301, -91.272634288506 30.659685751337, -91.27263731784 30.659686841057, -91.272640350208 30.659687924455, -91.27264338559 30.659689001525, -91.27264642397 30.659690072261, -91.272649465329 30.659691136655, -91.272652509651 30.659692194702, -91.272655556916 30.659693246397, -91.272658607108 30.659694291731, -91.272661660209 30.659695330701, -91.2726647162 30.659696363299, -91.272667775065 30.659697389519, -91.272670836785 30.659698409356, -91.272673901342 30.659699422804, -91.272676968719 30.659700429856, -91.272680038898 30.659701430507, -91.272683111861 30.659702424751, -91.27268618759 30.659703412582, -91.272689266067 30.659704393995, -91.272692347274 30.659705368983, -91.272695431194 30.659706337542, -91.272698517808 30.659707299665, -91.272701607098 30.659708255347, -91.272704699046 30.659709204582, -91.272707793635 30.659710147365, -91.272710890847 30.65971108369, -91.272713990662 30.659712013552, -91.272717093064 30.659712936945, -91.272720198034 30.659713853865, -91.272723305554 30.659714764305, -91.272726415606 30.65971566826, -91.272729528172 30.659716565726, -91.272732643234 30.659717456696, -91.272735760774 30.659718341166, -91.272738880773 30.659719219131, -91.272742003213 30.659720090585, -91.272745128077 30.659720955523, -91.272748255346 30.659721813941, -91.272751385001 30.659722665833, -91.272754517025 30.659723511195, -91.272757651399 30.659724350021, -91.272760788106 30.659725182306, -91.272763927126 30.659726008047, -91.272767068442 30.659726827237, -91.272770212035 30.659727639872, -91.272773357887 30.659728445948, -91.272776505979 30.659729245459, -91.272779656294 30.659730038402, -91.272782808813 30.659730824771, -91.272785963518 30.659731604562, -91.272789120389 30.65973237777, -91.27279227941 30.659733144391, -91.272795440561 30.659733904421, -91.272798603824 30.659734657854, -91.272801769181 30.659735404687, -91.272804936613 30.659736144915, -91.272808106102 30.659736878534, -91.272811277629 30.65973760554, -91.272814451176 30.659738325928, -91.272817626725 30.659739039695, -91.272820804256 30.659739746835, -91.272823983752 30.659740447345, -91.272827165194 30.659741141221, -91.272830348563 30.659741828459, -91.272833533841 30.659742509055, -91.272836721009 30.659743183005, -91.272839910049 30.659743850305, -91.272843100942 30.65974451095, -91.27284629367 30.659745164938, -91.272849488214 30.659745812264, -91.272852684555 30.659746452925, -91.272855882675 30.659747086917, -91.272859082555 30.659747714236, -91.272862284177 30.659748334878, -91.272865487522 30.659748948841, -91.27286869257 30.659749556119, -91.272871899305 30.659750156711, -91.272875107707 30.659750750612, -91.272878317756 30.659751337819, -91.272881529436 30.659751918328, -91.272884742726 30.659752492136, -91.272887957609 30.65975305924, -91.272891174064 30.659753619637, -91.272894392075 30.659754173323, -91.272897611622 30.659754720294, -91.272900832686 30.659755260549, -91.272904055248 30.659755794083, -91.27290727929 30.659756320893, -91.272910504793 30.659756840977, -91.272913731739 30.659757354331, -91.272916960107 30.659757860953, -91.272920189881 30.65975836084, -91.27292342104 30.659758853987, -91.272926653566 30.659759340394, -91.27292988744 30.659759820056, -91.272933122644 30.659760292972, -91.272936359158 30.659760759138, -91.272939596964 30.659761218551, -91.272942836042 30.659761671209, -91.272946076375 30.65976211711, -91.272949317942 30.65976255625, -91.272952560726 30.659762988628, -91.272955804708 30.65976341424, -91.272959049867 30.659763833084, -91.272962296187 30.659764245158, -91.272965543647 30.659764650459, -91.272968792228 30.659765048985, -91.272972041913 30.659765440734, -91.272975292681 30.659765825703, -91.272978544515 30.659766203891, -91.272981797395 30.659766575294, -91.272985051301 30.659766939911, -91.272988306216 30.659767297739, -91.27299156212 30.659767648777, -91.272994818995 30.659767993023, -91.272998076821 30.659768330474, -91.273001335579 30.659768661129, -91.27300459525 30.659768984985, -91.273007855816 30.659769302041, -91.273011117258 30.659769612294, -91.273014379555 30.659769915744, -91.273017642691 30.659770212388, -91.273020906644 30.659770502225, -91.273024171398 30.659770785253, -91.273027436931 30.65977106147, -91.273030703226 30.659771330874, -91.273033970264 30.659771593464, -91.273037238024 30.659771849239, -91.27304050649 30.659772098198, -91.27304377564 30.659772340337, -91.273047045457 30.659772575657, -91.273050315921 30.659772804156, -91.273053587014 30.659773025832, -91.273056858715 30.659773240684, -91.273060131007 30.659773448711, -91.27306340387 30.659773649912, -91.273066677284 30.659773844286, -91.273069951232 30.659774031831, -91.276723040883 30.660008799077, -91.276724263748 30.660008935165, -91.276725485581 30.660009078023, -91.276726706329 30.660009227647, -91.276727925943 30.660009384029, -91.276729144374 30.660009547164, -91.27673036157 30.660009717044, -91.276731577482 30.660009893663, -91.27673279206 30.660010077014, -91.276734005254 30.660010267088, -91.276735217015 30.660010463879, -91.276736427292 30.660010667377, -91.276737636036 30.660010877575, -91.276738843197 30.660011094465, -91.276740048726 30.660011318036, -91.276741252574 30.66001154828, -91.27674245469 30.660011785188, -91.276743655025 30.66001202875, -91.276744853531 30.660012278956, -91.276746050158 30.660012535795, -91.276747244856 30.660012799257, -91.276748437578 30.660013069331, -91.276749628273 30.660013346006, -91.276750816893 30.660013629271, -91.27675200339 30.660013919114, -91.276753187714 30.660014215523, -91.276754369816 30.660014518486, -91.276755549649 30.660014827991, -91.276756727164 30.660015144025, -91.276757902312 30.660015466575, -91.276759075046 30.660015795627, -91.276760245317 30.660016131168, -91.276761413076 30.660016473185, -91.276762578277 30.660016821663, -91.276763740872 30.660017176588, -91.276764900811 30.660017537946, -91.276766058049 30.660017905721, -91.276767212537 30.660018279899, -91.276768364229 30.660018660463, -91.276769513076 30.6600190474, -91.276770659031 30.660019440692, -91.276771802049 30.660019840323, -91.27677294208 30.660020246278, -91.27677407908 30.660020658539, -91.276775213001 30.66002107709, -91.276776343796 30.660021501913, -91.27677747142 30.66002193299, -91.276778595826 30.660022370305, -91.276779716967 30.660022813839, -91.276780834798 30.660023263575, -91.276781949272 30.660023719492, -91.276783060345 30.660024181574, -91.27678416797 30.6600246498, -91.276785272102 30.660025124153, -91.276786372696 30.660025604611, -91.276787469706 30.660026091156, -91.276788563088 30.660026583767, -91.276789652796 30.660027082424, -91.276790738786 30.660027587108, -91.276791821013 30.660028097796, -91.276792899433 30.660028614468, -91.276793974002 30.660029137104, -91.276795044675 30.66002966568, -91.276796111408 30.660030200177, -91.276797174158 30.660030740571, -91.276798232881 30.660031286841, -91.276799287533 30.660031838964, -91.276800338072 30.660032396917, -91.276801384453 30.660032960678, -91.276802426635 30.660033530224, -91.276803464575 30.66003410553, -91.276804498229 30.660034686574, -91.276805527555 30.660035273332, -91.276806552512 30.660035865779, -91.276807573056 30.660036463891, -91.276808589146 30.660037067644, -91.276809600741 30.660037677013, -91.276810607799 30.660038291973, -91.276811610278 30.660038912498, -91.276812608138 30.660039538563, -91.276813601337 30.660040170143, -91.276814589834 30.660040807211, -91.27681557359 30.660041449742, -91.276816552563 30.660042097708, -91.276817526714 30.660042751084, -91.276818496002 30.660043409843, -91.276819460388 30.660044073956, -91.276820419831 30.660044743398, -91.276821374294 30.660045418141, -91.276822323736 30.660046098157, -91.276823268118 30.660046783418, -91.276824207402 30.660047473895, -91.27682514155 30.660048169562, -91.276826070522 30.660048870388, -91.276826994281 30.660049576346, -91.276827912789 30.660050287406, -91.276828826007 30.66005100354, -91.2768297339 30.660051724717, -91.276830636428 30.660052450908, -91.276831533556 30.660053182083, -91.276832425246 30.660053918213, -91.276833311462 30.660054659266, -91.276834192168 30.660055405214, -91.276835067327 30.660056156024, -91.276835936903 30.660056911667, -91.27683680086 30.66005767211, -91.276837659164 30.660058437324, -91.276838511779 30.660059207276, -91.27683935867 30.660059981935, -91.276840199801 30.66006076127, -91.27684103514 30.660061545247, -91.276841864651 30.660062333835, -91.2768426883 30.660063127002, -91.276843506053 30.660063924715, -91.276844317878 30.660064726941, -91.27684512374 30.660065533648, -91.276845923606 30.660066344801, -91.276846717444 30.660067160369, -91.276847505221 30.660067980317, -91.276848286905 30.660068804611, -91.276849062464 30.660069633219, -91.276849831865 30.660070466105, -91.276850595077 30.660071303237, -91.27685135207 30.660072144578, -91.276852102811 30.660072990096, -91.27685284727 30.660073839754, -91.276853585416 30.660074693519, -91.276854317219 30.660075551354, -91.27685504265 30.660076413226, -91.276855761678 30.660077279098, -91.276856474273 30.660078148936, -91.276857180407 30.660079022702, -91.276857880051 30.660079900362, -91.276858573175 30.660080781879, -91.276859259751 30.660081667218, -91.276859939752 30.660082556341, -91.276860613149 30.660083449213, -91.276861279915 30.660084345797, -91.276861940021 30.660085246055, -91.276862593442 30.660086149951, -91.27686324015 30.660087057448, -91.276863880119 30.660087968509, -91.276864513322 30.660088883096, -91.276865139734 30.660089801171, -91.276865759328 30.660090722697, -91.27686637208 30.660091647637, -91.276866977964 30.660092575951, -91.276867576955 30.660093507603, -91.276868169028 30.660094442553, -91.27686875416 30.660095380763, -91.276869332327 30.660096322196, -91.276869903504 30.660097266812, -91.276870467668 30.660098214572, -91.276871024796 30.660099165437, -91.276871574866 30.660100119369, -91.276872117854 30.660101076329, -91.276872653738 30.660102036276, -91.276873182496 30.660102999172, -91.276873704107 30.660103964977, -91.276874218549 30.660104933652, -91.276874725801 30.660105905156, -91.276875225842 30.66010687945, -91.276875718652 30.660107856494, -91.27687620421 30.660108836247, -91.276876682497 30.66010981867, -91.276877153493 30.660110803722, -91.276877617178 30.660111791363, -91.276878073534 30.660112781552, -91.276878522541 30.660113774248, -91.276878964182 30.660114769411, -91.276879398437 30.660115767, -91.276879825291 30.660116766974, -91.276880244724 30.660117769292, -91.276880656719 30.660118773912, -91.276881061261 30.660119780794, -91.276881458331 30.660120789896, -91.276881847914 30.660121801177, -91.276882229994 30.660122814594, -91.276882604555 30.660123830108, -91.276882971582 30.660124847675, -91.276883331059 30.660125867255, -91.276883682972 30.660126888804, -91.276884027307 30.660127912282, -91.276884364049 30.660128937647, -91.276884693185 30.660129964855, -91.2768850147 30.660130993866, -91.276885328583 30.660132024636, -91.276885634819 30.660133057124, -91.276885933396 30.660134091287, -91.276886224303 30.660135127082, -91.276886507526 30.660136164468, -91.276886783056 30.660137203401, -91.276887050879 30.660138243839, -91.276887310985 30.660139285739, -91.276887563364 30.660140329059, -91.276887808005 30.660141373755, -91.276888044899 30.660142419785, -91.276888274034 30.660143467105, -91.276888495403 30.660144515673, -91.276888708995 30.660145565446, -91.276888914803 30.66014661638, -91.276889112817 30.660147668433, -91.276889303029 30.660148721561, -91.276889485433 30.660149775721, -91.276889660019 30.66015083087, -91.276889826782 30.660151886964, -91.276889985714 30.66015294396, -91.276890136809 30.660154001815, -91.27689028006 30.660155060485, -91.276890415461 30.660156119926, -91.276890543008 30.660157180096, -91.276890662695 30.660158240951, -91.276890774516 30.660159302447, -91.276890878468 30.66016036454, -91.276890974545 30.660161427188, -91.276891062745 30.660162490346, -91.276891143063 30.66016355397, -91.276891215497 30.660164618018, -91.276891280043 30.660165682445, -91.276891336698 30.660166747208, -91.27689138546 30.660167812262, -91.276891426328 30.660168877565, -91.276891459299 30.660169943073, -91.276891484372 30.660171008741, -91.276891501547 30.660172074526, -91.276891510822 30.660173140385)))"
MOUNT PLEASANT BENEVOLENT SOCIETY CEMETERY,152467,PRIVATE,11646,511,"MULTIPOLYGON (((-91.170839113094 30.52652496508, -91.170301366261 30.5265356674, -91.170297235035 30.526353559273, -91.170286008307 30.525858632162, -91.170280838668 30.525009857981, -91.170801729262 30.525010498626, -91.170839113094 30.52652496508)))"
CEMETERY OF BUHLER PLAINS,192188,PUBLIC,23832,632,"MULTIPOLYGON (((-91.194555866087 30.657200285478, -91.194479337561 30.657439551336, -91.194322555243 30.658009037543, -91.19425473093 30.658255398586, -91.193950402934 30.658158809246, -91.192968111864 30.657847039183, -91.193232483035 30.656678232958, -91.193233890243 30.656672167404, -91.194275379499 30.65692999702, -91.194229250224 30.657120238966, -91.194555866087 30.657200285478)))"
CEMETERY,205268,PRIVATE,1201,153,"MULTIPOLYGON (((-91.000885246539 30.589319649097, -91.000521163736 30.589305065146, -91.000524373112 30.589108670213, -91.000556971292 30.589112837034, -91.000821039542 30.589149931019, -91.000897154266 30.58916339834, -91.00101721286 30.589184645044, -91.001003711559 30.589323339421, -91.000885246539 30.589319649097)))"
ROSELAWN MEMORIAL PARK,79615,PUBLIC,374275,2665,"MULTIPOLYGON (((-91.150419126092 30.459178265016, -91.150401365789 30.459178820605, -91.150273699826 30.459182812267, -91.150146030678 30.459186803801, -91.150018367868 30.459190795221, -91.149890698694 30.459194789258, -91.149763029516 30.459198780422, -91.149635363501 30.459202771467, -91.149507697475 30.45920676239, -91.149380028266 30.459210753184, -91.149252362215 30.45921474661, -91.149124699333 30.459218737166, -91.148997030093 30.459222727591, -91.148869364016 30.459226717898, -91.14874169475 30.459230710825, -91.148614028653 30.459234700885, -91.148486362546 30.459238690822, -91.148358693254 30.45924268063, -91.148214630048 30.459247183531, -91.148067281699 30.459251788906, -91.147939615542 30.459255781064, -91.147811949381 30.459259770349, -91.147684283209 30.459263759511, -91.147556617027 30.459267748551, -91.147428950834 30.459271737466, -91.147301284626 30.459275729008, -91.147173618413 30.459279717678, -91.147045949017 30.459283706219, -91.146918282783 30.459287694642, -91.14679061336 30.459291685687, -91.146662947106 30.459295673864, -91.146535280842 30.459299661917, -91.1463023142 30.459307762765, -91.146239642666 30.459309766524, -91.146244857135 30.459267758348, -91.146246046182 30.459212794195, -91.146241148618 30.45916075518, -91.146022656928 30.457726351778, -91.145720038621 30.456310302204, -91.14566561269 30.455589630484, -91.14566534183 30.455583493144, -91.145659005147 30.455519029624, -91.145646379987 30.455455266559, -91.145627551187 30.455392660489, -91.145602654373 30.455331665277, -91.145571872801 30.455272718356, -91.145535427825 30.455216251712, -91.145493578936 30.455162667141, -91.145446633255 30.455112352759, -91.145394929686 30.45506567198, -91.145338835739 30.455022963513, -91.145278760244 30.454984533132, -91.144194620404 30.454392307898, -91.144178645579 30.454383156603, -91.144136889406 30.454354762943, -91.144099336717 30.454322259232, -91.144066529336 30.454286105422, -91.144038932804 30.454246821843, -91.144016939588 30.454204967217, -91.144000865914 30.454161138647, -91.143990939089 30.454115960605, -91.143987303857 30.454070082189, -91.143985254461 30.453868323999, -91.150189316361 30.453669508349, -91.150419126092 30.459178265016)))"
SHAW-MCHUGH MEMORIAL CEMETERY,154537,PRIVATE,6542,331,"MULTIPOLYGON (((-91.137756369083 30.636254501022, -91.137115793694 30.636586967994, -91.1367424626 30.636049306238, -91.137224909686 30.635799283233, -91.137875982346 30.636192417901, -91.137756369083 30.636254501022)))"
GILBERT MEMORIAL CEMETERY,130194,PRIVATE,33556,930,"MULTIPOLYGON (((-91.134207235191 30.465214008325, -91.133737921184 30.465476915985, -91.131883366704 30.466515799206, -91.131610054783 30.466648737124, -91.131548273152 30.466563035466, -91.131543276932 30.466452282528, -91.130729308929 30.465325847828, -91.130768842633 30.465324577059, -91.130879124095 30.46532103772, -91.133723521651 30.465229568567, -91.13381868339 30.465226525527, -91.133913851881 30.465223433277, -91.134207235191 30.465214008325)))"
MOUNT HOLLY CEMETERY,171382,PRIVATE,6951,474,"MULTIPOLYGON (((-91.048383975843 30.661654548773, -91.048386549237 30.661909367177, -91.047073445146 30.661905929567, -91.046574133827 30.661904632664, -91.046566413746 30.661811874949, -91.046552107747 30.661629683716, -91.048383975843 30.661654548773)))"
SAINT GEORGE CHURCH CEMETERY,143508,PUBLIC,18786,583,"MULTIPOLYGON (((-91.072056466357 30.379040827236, -91.071680252868 30.379657563138, -91.071054656067 30.380141486056, -91.070509686876 30.379863740279, -91.070885717758 30.379319180377, -91.070659379971 30.379218490427, -91.071081906777 30.378577791582, -91.072056466357 30.379040827236)))"
ROSE HILL CEMETERY,160308,PRIVATE,2223,203,"MULTIPOLYGON (((-91.060592920907 30.493639929359, -91.060419542634 30.493635911886, -91.060340955306 30.493609355745, -91.060313793986 30.493608726334, -91.060309598976 30.493344975241, -91.060247579706 30.493287663479, -91.060244466844 30.493120818038, -91.060583205403 30.493115892934, -91.060592920907 30.493639929359)))"
LITTLE MISERY CEMETERY,120956,PRIVATE,4815,296,"MULTIPOLYGON (((-91.088524503304 30.430407331517, -91.088656286257 30.43040714788, -91.08910695084 30.430406629692, -91.08917855415 30.43083856612, -91.088193673366 30.430827910887, -91.088249841065 30.430754554875, -91.088388206802 30.43057963563, -91.088524503304 30.430407331517)))"
BETHEL UNITED METHODIST CEMETERY,133072,PRIVATE,23926,714,"MULTIPOLYGON (((-90.996600196774 30.607383939479, -90.996333206727 30.607386098354, -90.996116208081 30.606854643767, -90.995654160598 30.60635223537, -90.995627746517 30.606124076716, -90.995588775425 30.605396266388, -90.995673421201 30.605126124072, -90.996375850204 30.605158831316, -90.996489243994 30.605639358841, -90.996561959563 30.605987396342, -90.996610596145 30.606336903981, -90.996634515449 30.606653944201, -90.996640491602 30.60697196431, -90.996627073256 30.607288667614, -90.996600196774 30.607383939479)))"
CEMETERY,172905,PRIVATE,1344,147,"MULTIPOLYGON (((-90.972971978307 30.693641747665, -90.972933878429 30.693893421975, -90.972580710219 30.693891019752, -90.972610056006 30.693623103919, -90.972971978307 30.693641747665)))"
CEMETERY,171769,PRIVATE,3583,353,"MULTIPOLYGON (((-91.076868982934 30.374815849411, -91.076995210786 30.37485786247, -91.077442370906 30.375006691793, -91.077381854916 30.375106511224, -91.077847322189 30.37531378613, -91.077832566442 30.375338125474, -91.077367099086 30.375130850518, -91.077235949733 30.375347176788, -91.076660588464 30.375155679049, -91.076868982934 30.374815849411)))"
BALLARD CEMETERY,151883,PRIVATE,1503,156,"MULTIPOLYGON (((-91.052208155211 30.689171380361, -91.052033547929 30.688863832826, -91.052322205698 30.68876205252, -91.052489022637 30.689057991591, -91.052208155211 30.689171380361)))"
DEVALL CEMETERY,152017,PRIVATE,2713,220,"MULTIPOLYGON (((-91.151248584738 30.54827571522, -91.151169216676 30.548278182277, -91.150915247117 30.548286072704, -91.150893798835 30.54772093961, -91.151069756648 30.547715042434, -91.151226717168 30.547710600093, -91.151240177185 30.548058442086, -91.151248584738 30.54827571522)))"
COLLIER FAMILY CEMETERY,186201,PRIVATE,2158,186,"MULTIPOLYGON (((-91.272738864389 30.661592965971, -91.272755669199 30.661953259477, -91.272345259448 30.661969701708, -91.272324303892 30.66160504628, -91.272738864389 30.661592965971)))"
CEMETERY,203019,PRIVATE,842,115,"MULTIPOLYGON (((-91.024865527693 30.538364398706, -91.024900928546 30.538362410971, -91.024960232924 30.538352936814, -91.02500773476 30.538338591097, -91.025109870074 30.538375225749, -91.025028437561 30.5386028654, -91.02476651988 30.538516171596, -91.024828719685 30.538366380203, -91.024865527693 30.538364398706)))"
BATON ROUGE NATIONAL CEMETERY,137566,PUBLIC,40843,936,"MULTIPOLYGON (((-91.169213279579 30.449788572769, -91.166052782899 30.449884862937, -91.166014055141 30.448987203138, -91.169175744998 30.448890877598, -91.169213279579 30.449788572769)))"
KNOX CEMETERY,130231,PRIVATE,11015,535,"MULTIPOLYGON (((-91.014047774333 30.426037177418, -91.014048853396 30.42604199131, -91.014049924694 30.426046806503, -91.014050988225 30.426051622989, -91.014052043987 30.426056440759, -91.014053091978 30.426061259802, -91.014054132197 30.426066080111, -91.01405516464 30.426070901674, -91.014056189306 30.426075724483, -91.014057206193 30.426080548529, -91.014058215299 30.426085373801, -91.014059216622 30.426090200291, -91.01406021016 30.426095027989, -91.014061195911 30.426099856886, -91.014062173873 30.426104686972, -91.014063144044 30.426109518238, -91.014064106423 30.426114350674, -91.014065061007 30.426119184271, -91.014066007795 30.42612401902, -91.014066946785 30.42612885491, -91.014067877974 30.426133691933, -91.014068801362 30.426138530079, -91.014069716945 30.426143369339, -91.014070624724 30.426148209703, -91.014071524695 30.426153051162, -91.014072416857 30.426157893706, -91.014073301208 30.426162737327, -91.014074177746 30.426167582013, -91.014075046471 30.426172427756, -91.014075907379 30.426177274547, -91.01407676047 30.426182122376, -91.014077605742 30.426186971233, -91.014078443192 30.42619182111, -91.014079272821 30.426196671996, -91.014080094625 30.426201523882, -91.014080908603 30.426206376758, -91.014081714753 30.426211230616, -91.014082513075 30.426216085446, -91.014083303566 30.426220941237, -91.014084086226 30.426225797982, -91.014084861051 30.426230655669, -91.014085628042 30.426235514291, -91.014086387196 30.426240373836, -91.014087138511 30.426245234296, -91.014087881987 30.426250095662, -91.014088617623 30.426254957923, -91.014089345415 30.42625982107, -91.014090065364 30.426264685095, -91.014090777468 30.426269549986, -91.014091481725 30.426274415735, -91.014092178133 30.426279282333, -91.014092866693 30.426284149769, -91.014093547401 30.426289018034, -91.014094220258 30.42629388712, -91.014094885261 30.426298757015, -91.01409554241 30.426303627711, -91.014096191702 30.426308499198, -91.014096833137 30.426313371467, -91.014097466714 30.426318244508, -91.014098092431 30.426323118312, -91.014098710286 30.426327992868, -91.01409932028 30.426332868169, -91.01409992241 30.426337744203, -91.014100516676 30.426342620962, -91.014101103076 30.426347498436, -91.014101681609 30.426352376615, -91.014102252275 30.42635725549, -91.014102815071 30.426362135052, -91.014103369996 30.426367015291, -91.014103917051 30.426371896197, -91.014104456233 30.42637677776, -91.014104987542 30.426381659972, -91.014105510976 30.426386542823, -91.014106026535 30.426391426303, -91.014106534217 30.426396310403, -91.014107034022 30.426401195113, -91.014107525948 30.426406080423, -91.014108009995 30.426410966325, -91.014108486162 30.426415852807, -91.014108954447 30.426420739862, -91.01410941485 30.42642562748, -91.01410986737 30.42643051565, -91.014110312006 30.426435404363, -91.014110748757 30.426440293611, -91.014111177622 30.426445183382, -91.014111598601 30.426450073668, -91.014112011692 30.426454964459, -91.014112416895 30.426459855746, -91.014112814209 30.426464747519, -91.014113203634 30.426469639768, -91.014113585167 30.426474532484, -91.01411395881 30.426479425658, -91.01411432456 30.426484319279, -91.014114682418 30.426489213338, -91.014115032382 30.426494107826, -91.014115374453 30.426499002733, -91.014115708628 30.42650389805, -91.014116034908 30.426508793767, -91.014116353292 30.426513689874, -91.013983565172 30.426669572274, -91.01381786885 30.426648894794, -91.013759199324 30.426640311856, -91.013599846643 30.426615015597, -91.013398956604 30.42657896981, -91.012722415858 30.426326121894, -91.012700242198 30.426314694479, -91.012480830304 30.426201618045, -91.012096551588 30.425990758553, -91.012576675507 30.426023714167, -91.013125697955 30.426058459862, -91.014047774333 30.426037177418)))"
ST. JOSEPH CATHOLIC CEMETERY,130270,PUBLIC,24077,650,"MULTIPOLYGON (((-91.174368354182 30.452818795547, -91.172479669206 30.452874705588, -91.172463233848 30.452545055875, -91.172456385814 30.452407701818, -91.172450907401 30.452297818569, -91.172435636873 30.451991528719, -91.174334308524 30.451935323093, -91.174368354182 30.452818795547)))"
HILLCREST MEMORIAL GARDENS,190938,PUBLIC,119970,1465,"MULTIPOLYGON (((-91.13289267962 30.583063419256, -91.132913806577 30.585719080733, -91.130349306203 30.585438838603, -91.12991140866 30.585366091137, -91.129884264493 30.584049239588, -91.12985977369 30.582861094844, -91.129949849935 30.582881625337, -91.130502000819 30.583007471968, -91.130494976432 30.58266678434, -91.131450332621 30.582854377696, -91.13144376331 30.582535908093, -91.131470386051 30.582431803415, -91.13289267962 30.583063419256)))"
CEMETERY,37637,PRIVATE,3701,245,"MULTIPOLYGON (((-91.122239821332 30.596637914173, -91.122121170531 30.597144741925, -91.121577643046 30.597078420925, -91.121715380251 30.59663828711, -91.122239821332 30.596637914173)))"
CEMETERY,130416,PRIVATE,6829,373,"MULTIPOLYGON (((-91.255127868104 30.704306403201, -91.254392173134 30.705076488599, -91.254014062683 30.705088938232, -91.254371291579 30.7042403211, -91.255127868104 30.704306403201)))"
ZACHARY PUBLIC CEMETERY,192187,PUBLIC,34609,772,"MULTIPOLYGON (((-91.194275379499 30.65692999702, -91.193233890243 30.656672167404, -91.19331998683 30.65630105982, -91.193461220032 30.655693098673, -91.193470439592 30.655646939477, -91.193470488013 30.655612642973, -91.193478349784 30.655447762243, -91.193490920087 30.655190548607, -91.193498928885 30.654921458664, -91.193592062896 30.654878026358, -91.194971405924 30.655057885581, -91.194497292265 30.656530300554, -91.194289388621 30.656872221788, -91.194275379499 30.65692999702)))"
HEAVENLY GATES CEMETERY,164231,PUBLIC,11296,432,"MULTIPOLYGON (((-91.167372312607 30.541846741042, -91.166384072113 30.541891812872, -91.166382687527 30.54189187261, -91.166381302571 30.541891925556, -91.166379917291 30.541891971705, -91.166378531731 30.541892011058, -91.166377145936 30.541892043613, -91.16637575995 30.541892069369, -91.166374373817 30.541892088325, -91.166372987583 30.54189210048, -91.166371601291 30.541892105835, -91.166370214986 30.541892104388, -91.166368828713 30.541892096141, -91.166367442517 30.541892081092, -91.166366056441 30.541892059244, -91.16636467053 30.541892030595, -91.16636328483 30.541891995148, -91.166361899383 30.541891952904, -91.166360514236 30.541891903863, -91.166359129432 30.541891848028, -91.166357745016 30.5418917854, -91.166356361032 30.541891715981, -91.166354977525 30.541891639773, -91.166353594539 30.54189155678, -91.166352212119 30.541891467002, -91.166350830309 30.541891370445, -91.166349449154 30.54189126711, -91.166348068697 30.541891157001, -91.166346688984 30.541891040121, -91.166345310058 30.541890916474, -91.166343931964 30.541890786064, -91.166342554746 30.541890648896, -91.166341178448 30.541890504974, -91.166339803115 30.541890354301, -91.16633842879 30.541890196884, -91.166337055518 30.541890032727, -91.166335683344 30.541889861836, -91.16633431231 30.541889684216, -91.166332942462 30.541889499872, -91.166331573843 30.541889308811, -91.166330206496 30.541889111039, -91.166328840467 30.541888906562, -91.166327475799 30.541888695386, -91.166326112535 30.541888477519, -91.16632475072 30.541888252968, -91.166323390397 30.541888021739, -91.166322031611 30.54188778384, -91.166320674403 30.541887539279, -91.166319318819 30.541887288064, -91.166317964902 30.541887030202, -91.166316612695 30.541886765703, -91.166315262242 30.541886494574, -91.166313913586 30.541886216824, -91.166312566771 30.541885932462, -91.166311221839 30.541885641497, -91.166309878834 30.541885343939, -91.166308537799 30.541885039797, -91.166307198777 30.54188472908, -91.166305861811 30.5418844118, -91.166304526944 30.541884087966, -91.16630319422 30.541883757588, -91.16630186368 30.541883420678, -91.166300535367 30.541883077245, -91.166299209325 30.541882727301, -91.166297885596 30.541882370858, -91.166296564222 30.541882007926, -91.166295245246 30.541881638517, -91.16629392871 30.541881262644, -91.166292614656 30.541880880318, -91.166291303127 30.541880491551, -91.166289994164 30.541880096357, -91.166288687811 30.541879694747, -91.166287384108 30.541879286735, -91.166286083099 30.541878872333, -91.166284784823 30.541878451555, -91.166283489324 30.541878024416, -91.166282196642 30.541877590927, -91.16628090682 30.541877151103, -91.166279619899 30.541876704959, -91.16627833592 30.541876252509, -91.166277054924 30.541875793766, -91.166275776952 30.541875328747, -91.166274502046 30.541874857466, -91.166273230247 30.541874379937, -91.166271961595 30.541873896177, -91.166270696131 30.541873406201, -91.166269433896 30.541872910024, -91.166268174931 30.541872407663, -91.166266919275 30.541871899134, -91.166265666969 30.541871384452, -91.166264418054 30.541870863636, -91.166263172569 30.5418703367, -91.166261930554 30.541869803663, -91.16626069205 30.541869264542, -91.166259457096 30.541868719352, -91.166258225732 30.541868168114, -91.166256997997 30.541867610843, -91.166255773931 30.541867047558, -91.166254553574 30.541866478276, -91.166253336963 30.541865903017, -91.166252124139 30.541865321799, -91.166250915141 30.54186473464, -91.166249710007 30.541864141559, -91.166248508775 30.541863542575, -91.166247311486 30.541862937708, -91.166246118176 30.541862326977, -91.166244928885 30.541861710402, -91.16624374365 30.541861088001, -91.16624256251 30.541860459797, -91.166241385502 30.541859825807, -91.166240212665 30.541859186054, -91.166239044036 30.541858540557, -91.166237879652 30.541857889337, -91.166236719552 30.541857232415, -91.166235563771 30.541856569813, -91.166234412349 30.541855901551, -91.16623326532 30.541855227651, -91.166232122723 30.541854548135, -91.166230984594 30.541853863024, -91.166229850969 30.541853172341, -91.166228721885 30.541852476107, -91.166227597379 30.541851774345, -91.166226477485 30.541851067078, -91.166225362242 30.541850354328, -91.166224251683 30.541849636118, -91.166223145845 30.541848912472, -91.166222044763 30.541848183412, -91.166220948473 30.541847448962, -91.16621985701 30.541846709145, -91.166218770409 30.541845963986, -91.166217688705 30.541845213508, -91.166216611932 30.541844457735, -91.166215540126 30.541843696692, -91.166214473321 30.541842930403, -91.16621341155 30.541842158892, -91.166212354848 30.541841382185, -91.16621130325 30.541840600307, -91.166210256788 30.541839813281, -91.166209215496 30.541839021135, -91.166208179409 30.541838223893, -91.166207148558 30.541837421581, -91.166206122978 30.541836614225, -91.166205102701 30.54183580185, -91.16620408776 30.541834984483, -91.166203078188 30.541834162149, -91.166202074016 30.541833334876, -91.166201075278 30.54183250269, -91.166200686143 30.541827843093, -91.166200289223 30.541823183988, -91.16619988452 30.541818525384, -91.166199472035 30.541813867292, -91.166199051768 30.541809209721, -91.166198623719 30.541804552681, -91.166198187891 30.541799896182, -91.166197744284 30.541795240233, -91.166197292899 30.541790584844, -91.166196833736 30.541785930025, -91.166196366798 30.541781275785, -91.166195892084 30.541776622135, -91.166195409595 30.541771969084, -91.166194919334 30.541767316642, -91.1661944213 30.541762664818, -91.166193915496 30.541758013622, -91.166193401921 30.541753363064, -91.166192880577 30.541748713154, -91.166192351465 30.541744063902, -91.166191814586 30.541739415316, -91.166191269942 30.541734767408, -91.166190717532 30.541730120186, -91.16619015736 30.54172547366, -91.166189589425 30.54172082784, -91.16618901373 30.541716182737, -91.166188430274 30.541711538358, -91.16618783906 30.541706894715, -91.166187240088 30.541702251816, -91.16618663336 30.541697609672, -91.166186018878 30.541692968292, -91.166185396641 30.541688327687, -91.166184766653 30.541683687865, -91.166184128913 30.541679048836, -91.166183483424 30.54167441061, -91.166182830187 30.541669773198, -91.166182169202 30.541665136607, -91.166181500473 30.541660500849, -91.166180823999 30.541655865933, -91.166180139782 30.541651231868, -91.166179447824 30.541646598665, -91.166178748126 30.541641966333, -91.16617804069 30.541637334881, -91.166177325517 30.541632704319, -91.166176602609 30.541628074658, -91.166175871966 30.541623445906, -91.166175133592 30.541618818073, -91.166174387486 30.54161419117, -91.166173633651 30.541609565205, -91.166172872089 30.541604940189, -91.166172102801 30.541600316131, -91.166171325788 30.54159569304, -91.166170541052 30.541591070927, -91.166169748595 30.541586449801, -91.166168948418 30.541581829672, -91.166168140524 30.541577210549, -91.166167324914 30.541572592442, -91.166166501589 30.541567975361, -91.166165670551 30.541563359315, -91.166164831802 30.541558744314, -91.166163985344 30.541554130368, -91.166163131179 30.541549517486, -91.166162269308 30.541544905678, -91.166161399733 30.541540294954, -91.166160522455 30.541535685323, -91.166159637478 30.541531076794, -91.166158744802 30.541526469379, -91.16615784443 30.541521863085, -91.166156936363 30.541517257923, -91.166156020604 30.541512653903, -91.166155097153 30.541508051034, -91.166154166014 30.541503449325, -91.166153227188 30.541498848787, -91.166152280677 30.541494249429, -91.166151326483 30.54148965126, -91.166150364607 30.54148505429, -91.166149395053 30.541480458529, -91.166148417822 30.541475863986, -91.166147432916 30.541471270672, -91.166146440337 30.541466678595, -91.166145440088 30.541462087765, -91.16614443217 30.541457498192, -91.166143416585 30.541452909885, -91.166142393335 30.541448322854, -91.166141362424 30.541443737109, -91.166140323852 30.541439152659, -91.166139277622 30.541434569514, -91.166138223737 30.541429987683, -91.166137162198 30.541425407176, -91.166136093008 30.541420828002, -91.166135016168 30.541416250172, -91.166133931682 30.541411673694, -91.166132839551 30.541407098579, -91.166131739777 30.541402524835, -91.166130632364 30.541397952472, -91.166129517313 30.541393381501, -91.166128394627 30.541388811929, -91.166127264307 30.541384243768, -91.166126126357 30.541379677027, -91.166124980779 30.541375111714, -91.166123827575 30.54137054784, -91.166122666747 30.541365985415, -91.166121498298 30.541361424447, -91.166120322231 30.541356864947, -91.166119138548 30.541352306923, -91.166117947251 30.541347750385, -91.16611497192 30.541232726452, -91.166494325746 30.541225334118, -91.167332597616 30.541187501478, -91.167372312607 30.541846741042)))"
NICKWAX MEMORIAL CEMETERY,130375,PRIVATE,14785,607,"MULTIPOLYGON (((-91.199740761382 30.551244398275, -91.199689320607 30.551262470731, -91.199540032605 30.551314916924, -91.199517779455 30.551321748812, -91.199275452278 30.551386011252, -91.198458447829 30.551590400386, -91.197738932152 30.550201641393, -91.198434134399 30.550563777814, -91.199740761382 30.551244398275)))"
ZOAR BAPTIST CHURCH CEMETERY,201880,PRIVATE,12516,566,"MULTIPOLYGON (((-91.053701131626 30.546190860731, -91.053673975307 30.545571123767, -91.053690297464 30.545290101628, -91.053710121704 30.545084714185, -91.053737835105 30.545087883901, -91.053748190945 30.545027036053, -91.053808882512 30.544786117263, -91.053896236358 30.544539916349, -91.053984173001 30.544350023236, -91.05434672789 30.544548231225, -91.054268577407 30.545161557624, -91.054186170495 30.545150118653, -91.054171549751 30.545243959145, -91.054196791179 30.54565081306, -91.054206633935 30.545966903118, -91.054165864179 30.546164937051, -91.053701131626 30.546190860731)))"
THOMAS CHAPEL CEMETERY,173672,PRIVATE,16987,620,"MULTIPOLYGON (((-91.145123418822 30.560106172979, -91.145121740017 30.560086035821, -91.145117207598 30.559827294899, -91.145712087766 30.559819490978, -91.146156828385 30.559813654912, -91.146728635898 30.559806150425, -91.147262613349 30.559799139017, -91.147267367918 30.560011119867, -91.147268778603 30.56007403274, -91.147272300456 30.560231034467, -91.147274944224 30.560348928005, -91.145126839033 30.56037712032, -91.145123418822 30.560106172979)))"
CEMETERY,35697,PRIVATE,2659,206,"MULTIPOLYGON (((-91.106197742388 30.594892733282, -91.105752774805 30.594894493479, -91.105745556758 30.594479360805, -91.106190522484 30.594477597882, -91.106197742388 30.594892733282)))"
RESTHAVEN GARDENS OF MEMORY,13293,PUBLIC,172767,1943,"MULTIPOLYGON (((-91.046551096654 30.3964931555, -91.047168979234 30.396578466465, -91.04715907738 30.396630803864, -91.047437573647 30.396670397606, -91.047695930058 30.39666849173, -91.048044361682 30.396604305038, -91.047954596833 30.396340631485, -91.047925435422 30.396164242818, -91.047985274467 30.395846768773, -91.048589252237 30.396035391188, -91.049156880964 30.396115811405, -91.048930317937 30.397350180462, -91.048893378666 30.397551175054, -91.048835141989 30.397868051759, -91.048733671177 30.398420168564, -91.048687141638 30.398673340153, -91.048604189209 30.399124688822, -91.048533768863 30.399507846439, -91.048435954211 30.40004005165, -91.048338706327 30.400569167293, -91.048243508366 30.401087123915, -91.048212195699 30.401257489832, -91.048177879985 30.401444194032, -91.047456312217 30.401233230469, -91.045836633586 30.400751135838, -91.045793729329 30.400734792189, -91.046062848962 30.399227629887, -91.046094652237 30.399049517531, -91.046168302863 30.398637039059, -91.046217827773 30.398359674075, -91.046257074253 30.39813987246, -91.046302491199 30.397885511638, -91.046344186118 30.397651995111, -91.046388576936 30.397403378698, -91.046478311661 30.396900804086, -91.046504025021 30.396756791074, -91.046546476159 30.396519033718, -91.046551096654 30.3964931555)))"
SWEET OLIVE CEMETERY,130290,PUBLIC,25813,707,"MULTIPOLYGON (((-91.165723981463 30.445938438297, -91.165782758464 30.447773981606, -91.165120764111 30.447791074502, -91.165109890959 30.447475023324, -91.164983009858 30.447478298797, -91.164856125574 30.447481574145, -91.164729241282 30.447484849371, -91.164686115237 30.445957670557, -91.165723981463 30.445938438297)))"
SOUTHERN MEMORIAL GARDENS,67039,PUBLIC,152520,1601,"MULTIPOLYGON (((-91.163964140517 30.54477947598, -91.162628422593 30.544748445487, -91.162324274745 30.544736376157, -91.162006334389 30.544728079723, -91.161698380435 30.544721855771, -91.161440546128 30.544715873302, -91.161246667316 30.544711374447, -91.159986977673 30.544675368149, -91.159954058331 30.543763450844, -91.159932863342 30.543176307455, -91.159925629294 30.543009733167, -91.159883239821 30.542033643658, -91.161216087498 30.542035019022, -91.161226975171 30.54213671755, -91.162528845246 30.542090664698, -91.162673386229 30.541946356105, -91.162734976243 30.541999825122, -91.162886631803 30.541945105414, -91.162909390179 30.542033608964, -91.162972871101 30.542012334816, -91.163131479049 30.542014064245, -91.16324606775 30.541992855664, -91.16337638937 30.542046412668, -91.163550790551 30.542087822738, -91.163629307831 30.542082088446, -91.163663031803 30.542091930743, -91.16369434184 30.542103513095, -91.163729131161 30.542121937802, -91.16375994546 30.542142939149, -91.163782857744 30.542161428361, -91.163811509735 30.542185638295, -91.163832511948 30.542208436203, -91.163874863512 30.542251885361, -91.163964140517 30.54477947598)))"
TUCKER CEMETERY,202312,PRIVATE,10429,430,"MULTIPOLYGON (((-91.06158369523 30.634160861195, -91.060743660008 30.634167994225, -91.060724731676 30.633601018206, -91.061729952604 30.633124729134, -91.06158369523 30.634160861195)))"
